1,Lewie,Connah,lconnah0@jugem.jp,Male,10.35.171.161
2,Fionnula,Itzkin,fitzkin1@1und1.de,Female,5.23.72.180
3,Pauly,Pantlin,ppantlin2@mlb.com,Female,189.217.213.121
4,Powell,Hurley,phurley3@msu.edu,Male,159.241.127.39
5,Prentiss,Rodrigues,prodrigues4@jimdo.com,Male,168.204.224.114
6,Shantee,Emeny,semeny5@salon.com,Female,168.189.24.162
7,Marjorie,McAndie,mmcandie6@ucoz.ru,Female,0.97.237.155
8,Kendall,Harmes,kharmes7@wisc.edu,Male,149.130.182.156
9,Elwyn,O'Corrigane,eocorrigane8@exblog.jp,Male,200.42.182.118
10,Norbie,Andrea,nandrea9@cargocollective.com,Male,40.116.11.83
11,Gabbie,Sellar,gsellara@usda.gov,Genderfluid,227.106.228.124
12,Bartlet,Daglish,bdaglishb@goo.ne.jp,Male,249.175.17.116
13,Benedikt,Viggars,bviggarsc@macromedia.com,Male,19.238.168.69
14,Rene,Starte,rstarted@marriott.com,Female,56.187.79.84
15,Joelle,Gutherson,jguthersone@ehow.com,Female,151.53.237.249
16,Reena,Driffill,rdriffillf@wix.com,Female,62.198.109.143
17,Solly,Bartosch,sbartoschg@mediafire.com,Male,59.204.235.49
18,Velvet,Busfield,vbusfieldh@over-blog.com,Female,245.14.146.78
19,Enrico,Gumme,egummei@sakura.ne.jp,Male,56.143.95.190
20,Bobbi,Wilshaw,bwilshawj@va.gov,Female,117.12.37.13
21,Jonathan,Shapcote,jshapcotek@google.it,Polygender,45.207.201.137
22,Aloysia,Fuggles,afugglesl@spotify.com,Female,252.116.32.150
23,Derek,Jarmyn,djarmynm@rakuten.co.jp,Male,92.35.109.143
24,Dallas,Gealle,dgeallen@sakura.ne.jp,Female,238.149.225.89
25,Maia,Pleass,mpleasso@columbia.edu,Female,128.243.248.111
26,Victoir,Bridgement,vbridgementp@google.ru,Male,196.133.168.195
27,Cacilia,Marshall,cmarshallq@bluehost.com,Agender,53.126.180.161
28,Bertrand,Lockey,blockeyr@nydailynews.com,Male,135.213.166.213
29,Oby,Skarr,oskarrs@netlog.com,Polygender,7.125.25.86
30,Kayley,Dewing,kdewingt@jigsy.com,Female,127.63.212.104
31,Cicely,Shawell,cshawellu@wiley.com,Female,0.126.204.221
32,Julius,Lambirth,jlambirthv@samsung.com,Male,74.185.139.84
33,Kirk,Newbegin,knewbeginw@blinklist.com,Male,123.15.214.183
34,Willem,Cage,wcagex@naver.com,Male,69.196.254.89
35,Ilario,MacKimm,imackimmy@amazon.com,Male,20.246.191.122
36,Bar,Romeuf,bromeufz@altervista.org,Male,145.115.71.92
37,Domenic,Bradford,dbradford10@cocolog-nifty.com,Male,107.181.132.203
38,Rowena,Tutin,rtutin11@booking.com,Female,199.245.83.229
39,Hayyim,McVeighty,hmcveighty12@yale.edu,Male,106.251.41.219
40,Den,Annesley,dannesley13@techcrunch.com,Agender,50.14.241.33
41,Astrid,Koop,akoop14@t-online.de,Female,163.133.97.227
42,Archambault,Kupec,akupec15@seesaa.net,Male,249.163.123.134
43,Kendall,Schohier,kschohier16@cnet.com,Male,189.212.134.34
44,Nickie,Challenger,nchallenger17@diigo.com,Female,127.16.0.247
45,Henrik,Wabe,hwabe18@mashable.com,Male,192.55.73.162
46,Tedie,Bahlmann,tbahlmann19@exblog.jp,Male,162.22.255.91
47,Brigg,Canet,bcanet1a@edublogs.org,Male,85.253.203.186
48,Georgeanna,Richt,gricht1b@usnews.com,Female,121.42.23.169
49,Malvina,Edmead,medmead1c@qq.com,Female,106.118.0.134
50,Darin,Lippiello,dlippiello1d@gravatar.com,Male,42.45.241.234
51,Bertrand,Dy,bdy1e@redcross.org,Male,100.255.132.149
52,Katey,Haycraft,khaycraft1f@dell.com,Genderfluid,159.207.127.186
53,Cherie,Palfree,cpalfree1g@about.me,Agender,159.188.85.31
54,Zena,Kerswell,zkerswell1h@eventbrite.com,Female,153.154.136.158
55,Robert,Twamley,rtwamley1i@goodreads.com,Male,105.98.46.81
56,Sibylla,Lilleman,slilleman1j@squarespace.com,Female,153.102.200.19
57,Goldarina,Dyer,gdyer1k@yahoo.com,Polygender,255.155.32.58
58,Coriss,Snashall,csnashall1l@disqus.com,Female,202.193.156.209
59,Ulrica,Wooton,uwooton1m@mac.com,Female,142.188.166.186
60,Pier,Maciaszczyk,pmaciaszczyk1n@wordpress.com,Genderfluid,1.36.39.55
61,Carleton,Von Helmholtz,cvonhelmholtz1o@macromedia.com,Male,133.228.65.235
62,Margarete,Gettone,mgettone1p@hp.com,Female,166.188.209.172
63,Griz,Meedendorpe,gmeedendorpe1q@nhs.uk,Male,55.191.238.23
64,Tracie,Emberton,temberton1r@walmart.com,Male,151.136.245.197
65,Dwain,Cassley,dcassley1s@blogger.com,Male,164.41.60.140
66,Ham,Stigers,hstigers1t@facebook.com,Male,87.195.208.158
67,Armin,Laurisch,alaurisch1u@networkadvertising.org,Male,58.189.246.29
68,Daron,Bummfrey,dbummfrey1v@google.com.br,Male,179.91.254.182
69,Claudio,Phayre,cphayre1w@nbcnews.com,Male,213.244.47.163
70,Jane,Ogilvie,jogilvie1x@dailymotion.com,Female,31.217.214.79
71,Shawnee,Bowra,sbowra1y@oracle.com,Female,243.70.145.237
72,Walker,Franseco,wfranseco1z@arizona.edu,Male,210.164.75.79
73,Peggie,Sulland,psulland20@bandcamp.com,Female,182.87.205.28
74,Scarface,Witchell,switchell21@altervista.org,Male,19.135.250.28
75,Carney,Gainsboro,cgainsboro22@behance.net,Male,42.242.115.102
76,Diana,Metzing,dmetzing23@usnews.com,Non-binary,8.171.12.159
77,Sheeree,Lippett,slippett24@qq.com,Female,128.17.72.225
78,Lura,Sobieski,lsobieski25@berkeley.edu,Female,16.100.191.219
79,Carmel,Iacobetto,ciacobetto26@hp.com,Female,10.39.11.18
80,Warner,Skrzynski,wskrzynski27@fda.gov,Male,3.191.252.7
81,Layne,Mortel,lmortel28@va.gov,Female,185.102.183.45
82,Carlen,Stothert,cstothert29@typepad.com,Female,35.123.104.190
83,Carver,Sollas,csollas2a@eepurl.com,Male,172.25.106.32
84,Inge,Zumbusch,izumbusch2b@dagondesign.com,Female,190.155.223.88
85,Ragnar,Le Hucquet,rlehucquet2c@webmd.com,Male,70.177.25.88
86,Estrella,Celand,eceland2d@marriott.com,Female,56.203.42.250
87,Joshuah,Kindley,jkindley2e@europa.eu,Male,182.6.206.92
88,Minnnie,Swayland,mswayland2f@seattletimes.com,Female,28.106.64.157
89,Sheeree,Askaw,saskaw2g@slashdot.org,Female,125.21.174.133
90,Tad,Schoroder,tschoroder2h@ameblo.jp,Male,52.60.86.186
91,Mark,Downer,mdowner2i@cargocollective.com,Male,35.28.143.220
92,Tiff,Cambden,tcambden2j@yandex.ru,Female,117.206.164.138
93,Mahmud,Menat,mmenat2k@oaic.gov.au,Male,249.69.254.31
94,Sarena,Sallter,ssallter2l@weebly.com,Female,25.5.50.63
95,Eileen,Stanbury,estanbury2m@unblog.fr,Female,96.65.63.167
96,Allie,Elmore,aelmore2n@hubpages.com,Female,27.75.110.133
97,Nicolas,Hedgeman,nhedgeman2o@acquirethisname.com,Male,167.155.211.251
98,Mirabel,Yarmouth,myarmouth2p@dion.ne.jp,Female,83.223.245.110
99,Carolus,Lambertazzi,clambertazzi2q@virginia.edu,Male,172.168.37.163
100,Sibley,Corradino,scorradino2r@ft.com,Bigender,113.188.191.234
101,Darice,Schimoni,dschimoni2s@pcworld.com,Female,47.70.152.14
102,Buckie,Bazylets,bbazylets2t@infoseek.co.jp,Male,165.217.206.228
103,Virgilio,Wasling,vwasling2u@unicef.org,Male,56.67.208.13
104,Stephana,Winspar,swinspar2v@weibo.com,Female,110.193.64.124
105,Cariotta,Pohlke,cpohlke2w@wikia.com,Female,4.137.89.143
106,Kellen,Rosenstiel,krosenstiel2x@bandcamp.com,Bigender,120.21.192.110
107,Kennan,Boast,kboast2y@studiopress.com,Male,245.101.175.133
108,Elinor,Avrahamoff,eavrahamoff2z@icio.us,Female,41.90.253.245
109,Kellen,Poskitt,kposkitt30@reverbnation.com,Female,248.231.84.252
110,Tresa,Yushachkov,tyushachkov31@google.co.jp,Female,104.29.32.125
111,Rik,Blasik,rblasik32@europa.eu,Male,89.199.50.183
112,Eula,Breeton,ebreeton33@aol.com,Female,132.92.148.24
113,Penny,Tejada,ptejada34@scribd.com,Female,160.10.212.96
114,Sara-ann,Ebbin,sebbin35@opensource.org,Female,6.153.71.195
115,Domenic,Rennebeck,drennebeck36@constantcontact.com,Male,54.229.119.121
116,Daria,Drewes,ddrewes37@t-online.de,Female,8.233.62.148
117,Sol,Lawie,slawie38@cam.ac.uk,Male,101.125.174.207
118,Eberhard,Noon,enoon39@discovery.com,Male,33.194.215.23
119,Moina,Dalzell,mdalzell3a@last.fm,Female,114.105.48.86
120,Pyotr,Lemerie,plemerie3b@amazonaws.com,Male,158.175.119.99
121,Trefor,Joul,tjoul3c@google.com.br,Genderqueer,139.164.161.5
122,Bud,Clavering,bclavering3d@smugmug.com,Male,69.144.203.213
123,Erasmus,Ellinor,eellinor3e@google.com.br,Male,85.56.83.65
124,Reyna,Bulch,rbulch3f@engadget.com,Female,169.77.59.187
125,Barnard,Clyne,bclyne3g@nytimes.com,Male,217.229.207.131
126,Dex,Baruch,dbaruch3h@cnn.com,Male,87.189.220.71
127,Shelley,Chalker,schalker3i@ftc.gov,Male,101.234.168.167
128,Eirena,Mewes,emewes3j@microsoft.com,Female,226.15.201.132
129,Brade,Pleming,bpleming3k@cbslocal.com,Male,78.212.29.58
130,Gae,Maxwaile,gmaxwaile3l@sourceforge.net,Female,72.23.116.60
131,Filberte,Stendall,fstendall3m@omniture.com,Male,244.122.212.83
132,Conrado,Creer,ccreer3n@tripadvisor.com,Male,196.174.18.76
133,Artie,Meneghelli,ameneghelli3o@weebly.com,Male,136.120.216.131
134,Dalia,Massard,dmassard3p@shinystat.com,Female,79.101.159.241
135,Holly,O' Faherty,hofaherty3q@home.pl,Male,98.64.225.38
136,Silvano,Wallace,swallace3r@mit.edu,Male,38.78.188.132
137,Conney,Fleetham,cfleetham3s@histats.com,Male,46.63.146.76
138,Pete,Killiam,pkilliam3t@sitemeter.com,Male,106.81.17.143
139,Pryce,Slides,pslides3u@eventbrite.com,Male,151.39.178.208
140,Kelly,Filyashin,kfilyashin3v@wordpress.org,Female,63.218.192.187
141,Casey,Yurikov,cyurikov3w@bloglines.com,Genderfluid,243.232.105.98
142,Peg,Attwood,pattwood3x@sitemeter.com,Female,168.252.80.206
143,Griff,Sully,gsully3y@blog.com,Male,132.21.229.172
144,Weber,Clavey,wclavey3z@unesco.org,Male,12.48.38.127
145,Marrissa,Stapforth,mstapforth40@moonfruit.com,Polygender,197.204.116.80
146,Gwenni,Thorne,gthorne41@blogger.com,Female,146.186.217.215
147,Storm,Roger,sroger42@bbb.org,Female,72.155.181.161
148,Kristi,Dutteridge,kdutteridge43@google.com.au,Female,71.238.166.34
149,Claudette,Goeff,cgoeff44@google.com.br,Female,225.83.151.38
150,Dalli,Keys,dkeys45@wix.com,Male,159.181.91.66
151,Magdalene,Standage,mstandage46@deliciousdays.com,Female,201.52.186.90
152,Niki,Godspeede,ngodspeede47@marriott.com,Female,17.63.234.134
153,Shaw,Maasz,smaasz48@hp.com,Male,143.40.70.192
154,Jay,Anselmi,janselmi49@irs.gov,Male,139.81.255.95
155,Ibby,Hynam,ihynam4a@drupal.org,Female,47.81.142.73
156,Mignon,Rasp,mrasp4b@sohu.com,Female,122.207.224.8
157,Linette,Rosenau,lrosenau4c@histats.com,Female,229.215.225.68
158,Buddy,Bramo,bbramo4d@fotki.com,Agender,159.174.106.70
159,Dareen,Rentz,drentz4e@go.com,Female,172.81.15.122
160,Garwood,Locker,glocker4f@php.net,Male,233.129.229.32
161,Raimund,Rentcome,rrentcome4g@bbb.org,Male,124.87.34.75
162,Deonne,Dufaire,ddufaire4h@bloglines.com,Female,251.121.176.51
163,Norry,Desmond,ndesmond4i@mozilla.com,Male,84.7.188.36
164,Ranna,Papworth,rpapworth4j@nps.gov,Female,216.213.169.190
165,Sebastian,Shingles,sshingles4k@google.nl,Male,110.45.8.5
166,Deane,Etherson,detherson4l@netvibes.com,Male,206.245.217.198
167,Shauna,Carnell,scarnell4m@reference.com,Female,96.109.111.151
168,Lucian,Trewman,ltrewman4n@tamu.edu,Male,245.188.5.24
169,Reinhold,Meneo,rmeneo4o@washington.edu,Male,20.58.107.240
170,Druci,Dowty,ddowty4p@deviantart.com,Female,25.236.5.175
171,Devondra,Mabb,dmabb4q@mac.com,Female,253.98.3.148
172,Stevena,Betteridge,sbetteridge4r@msn.com,Female,190.115.8.102
173,Colette,Winear,cwinear4s@digg.com,Female,216.252.255.230
174,Frasier,Yakobowitz,fyakobowitz4t@sohu.com,Male,167.251.67.129
175,Reeba,Bletcher,rbletcher4u@marriott.com,Female,228.33.240.206
176,Randa,Dello,rdello4v@ovh.net,Female,180.36.19.35
177,Caty,Geaveny,cgeaveny4w@huffingtonpost.com,Female,205.254.28.237
178,Germaine,Alger,galger4x@simplemachines.org,Female,38.62.19.22
179,Hope,Hanratty,hhanratty4y@webs.com,Female,233.97.113.16
180,Ralina,Ciotti,rciotti4z@google.ru,Female,3.216.45.76
181,Florina,Salvage,fsalvage50@theguardian.com,Female,147.210.53.45
182,Jacintha,Labrum,jlabrum51@cnet.com,Female,98.216.241.100
183,Jelene,Philipeaux,jphilipeaux52@rakuten.co.jp,Female,104.211.237.201
184,Roseann,Cullen,rcullen53@msn.com,Female,165.113.94.0
185,Danita,Shermar,dshermar54@studiopress.com,Female,163.54.44.174
186,Quint,Banbridge,qbanbridge55@over-blog.com,Male,211.49.239.255
187,Josephina,Burgis,jburgis56@pbs.org,Female,164.225.217.185
188,Hussein,Lydiatt,hlydiatt57@engadget.com,Male,8.15.215.222
189,Allie,Kinchlea,akinchlea58@ftc.gov,Female,39.216.171.118
190,Keefe,Morston,kmorston59@house.gov,Male,192.39.115.122
191,Loutitia,Weekly,lweekly5a@msu.edu,Female,249.224.163.124
192,Dino,Abrahamovitz,dabrahamovitz5b@behance.net,Male,72.32.218.178
193,Tristan,Ventom,tventom5c@ycombinator.com,Agender,0.83.56.197
194,Nancy,Ponting,nponting5d@bizjournals.com,Female,253.59.107.192
195,Millisent,Oxton,moxton5e@addthis.com,Female,246.212.212.180
196,Alphard,Deschelle,adeschelle5f@blog.com,Male,95.181.205.186
197,Torrin,Veltmann,tveltmann5g@gnu.org,Male,59.122.134.94
198,Camellia,Sneezum,csneezum5h@reference.com,Genderfluid,43.174.171.106
199,Winnifred,Ainscough,wainscough5i@moonfruit.com,Female,158.193.80.97
200,Monro,Millmoe,mmillmoe5j@bravesites.com,Male,108.66.13.215
201,Sosanna,Gotter,sgotter5k@studiopress.com,Female,89.200.147.180
202,Obediah,Brodway,obrodway5l@abc.net.au,Agender,136.146.66.234
203,Garvin,Stanyforth,gstanyforth5m@merriam-webster.com,Male,162.192.3.167
204,Alla,Tiernan,atiernan5n@yelp.com,Female,50.10.58.159
205,Raimund,Bonnyson,rbonnyson5o@devhub.com,Non-binary,184.60.246.112
206,Germana,Eschalotte,geschalotte5p@de.vu,Female,160.88.7.162
207,Mohandis,Linthead,mlinthead5q@goo.gl,Non-binary,78.4.55.189
208,Zebadiah,Duckerin,zduckerin5r@eepurl.com,Male,134.60.30.218
209,Ransom,Syres,rsyres5s@icq.com,Male,183.147.100.136
210,Tracey,Byfford,tbyfford5t@cnet.com,Male,192.27.204.207
211,Dianemarie,Kimbury,dkimbury5u@w3.org,Female,110.234.18.81
212,Arlene,Shillinglaw,ashillinglaw5v@examiner.com,Female,121.81.94.115
213,Leslie,Coddington,lcoddington5w@statcounter.com,Male,79.215.143.153
214,Fabien,Cleeves,fcleeves5x@foxnews.com,Male,241.130.127.107
215,Eziechiele,Ramsden,eramsden5y@latimes.com,Male,179.103.2.93
216,Modesta,Baselli,mbaselli5z@trellian.com,Bigender,34.199.225.240
217,Vin,MacKerley,vmackerley60@jalbum.net,Male,11.195.119.215
218,Frazer,Duggan,fduggan61@ft.com,Male,230.86.180.21
219,Edithe,Caneo,ecaneo62@xing.com,Female,135.36.120.159
220,Thibaut,Burnsyde,tburnsyde63@g.co,Male,143.167.186.177
221,Wernher,Swindin,wswindin64@feedburner.com,Male,244.234.197.122
222,Hobart,Beverstock,hbeverstock65@wired.com,Male,142.224.52.65
223,Horatio,Merkel,hmerkel66@google.fr,Male,181.38.147.75
224,Kimble,Cassely,kcassely67@photobucket.com,Male,227.207.76.247
225,Ingeberg,Sandhill,isandhill68@wikimedia.org,Female,255.174.83.96
226,Ellis,Amiranda,eamiranda69@rediff.com,Male,61.208.142.120
227,Kare,Chalkly,kchalkly6a@hao123.com,Female,148.125.230.130
228,Leonerd,Navaro,lnavaro6b@yolasite.com,Male,54.82.173.237
229,Sylvan,Benoi,sbenoi6c@ihg.com,Non-binary,196.48.86.106
230,Lezley,Farndon,lfarndon6d@homestead.com,Male,94.241.230.60
231,Silvanus,Domeney,sdomeney6e@cargocollective.com,Male,224.175.94.139
232,Katrina,Ruddoch,kruddoch6f@geocities.jp,Female,102.112.49.208
233,Jemimah,Malinowski,jmalinowski6g@cdbaby.com,Female,98.194.98.16
234,Constantin,Jerisch,cjerisch6h@tmall.com,Male,10.16.229.71
235,Christoph,Aikett,caikett6i@intel.com,Male,83.22.54.6
236,Natty,Corringham,ncorringham6j@godaddy.com,Female,175.240.49.174
237,Daren,Tibalt,dtibalt6k@va.gov,Polygender,94.145.14.12
238,Drucy,Roo,droo6l@instagram.com,Female,184.2.213.196
239,Kaylyn,Martynikhin,kmartynikhin6m@chronoengine.com,Female,39.68.145.16
240,Kaleb,Viggers,kviggers6n@sogou.com,Male,12.10.206.131
241,Cris,Salvidge,csalvidge6o@ehow.com,Female,187.138.109.231
242,Nerita,Meadmore,nmeadmore6p@cdbaby.com,Polygender,33.76.142.121
243,Gino,Wardingley,gwardingley6q@homestead.com,Male,12.60.41.193
244,Bill,Boule,bboule6r@deliciousdays.com,Male,44.170.61.206
245,Henri,Maffy,hmaffy6s@cocolog-nifty.com,Male,90.181.233.5
246,Torry,Teodori,tteodori6t@aboutads.info,Male,106.65.7.37
247,Efren,Hesbrook,ehesbrook6u@aol.com,Male,146.137.189.96
248,Faulkner,Gloves,fgloves6v@theglobeandmail.com,Male,180.30.153.50
249,Xenia,Snare,xsnare6w@imgur.com,Female,136.30.86.182
250,Goddart,Beslier,gbeslier6x@uiuc.edu,Male,11.209.179.196
251,Elmer,Stott,estott6y@dedecms.com,Male,194.123.253.141
252,Jeffry,McNalley,jmcnalley6z@free.fr,Male,3.202.129.220
253,Harley,Killingbeck,hkillingbeck70@bizjournals.com,Male,186.108.24.67
254,Elga,Tussaine,etussaine71@sakura.ne.jp,Female,210.246.223.162
255,Kale,Bremmell,kbremmell72@wordpress.org,Male,56.26.75.107
256,Inesita,Caret,icaret73@usnews.com,Female,108.116.33.175
257,Dov,Bidwell,dbidwell74@dropbox.com,Male,111.62.35.244
258,Xenia,Haimes,xhaimes75@google.co.uk,Female,70.90.195.75
259,Aldin,Clyma,aclyma76@bizjournals.com,Male,14.50.19.64
260,Pippy,Breffitt,pbreffitt77@ask.com,Female,60.166.10.35
261,Marlane,Fransinelli,mfransinelli78@blog.com,Polygender,178.194.241.150
262,Josefa,Clail,jclail79@amazon.de,Female,15.34.35.221
263,Kate,Dedden,kdedden7a@wunderground.com,Female,88.207.201.133
264,Candis,Van Castele,cvancastele7b@nsw.gov.au,Female,111.205.134.152
265,Xerxes,Frandsen,xfrandsen7c@amazon.com,Male,97.185.215.46
266,Dorisa,Adriani,dadriani7d@rediff.com,Female,36.105.66.156
267,Ravid,Alleburton,ralleburton7e@abc.net.au,Male,230.5.125.93
268,Templeton,Pech,tpech7f@github.io,Male,40.212.38.71
269,Jdavie,Polak,jpolak7g@scientificamerican.com,Male,170.80.231.147
270,Margret,Frayn,mfrayn7h@soup.io,Female,57.81.77.114
271,Alyosha,Martinetto,amartinetto7i@gnu.org,Male,193.107.177.212
272,Mia,Hildrew,mhildrew7j@nytimes.com,Female,184.54.40.65
273,Cori,Craister,ccraister7k@umn.edu,Female,183.83.115.238
274,Hamilton,Obington,hobington7l@instagram.com,Male,97.247.225.61
275,Alvan,Kew,akew7m@reverbnation.com,Male,88.62.213.43
276,Jan,McTrustey,jmctrustey7n@dailymotion.com,Female,9.234.155.200
277,Aldus,Flann,aflann7o@moonfruit.com,Male,243.193.6.34
278,Rhody,Mifflin,rmifflin7p@blogtalkradio.com,Female,233.29.253.80
279,Bill,Hopkins,bhopkins7q@nymag.com,Male,87.103.172.73
280,Nada,Schooley,nschooley7r@uiuc.edu,Female,142.39.217.231
281,Florian,Dhennin,fdhennin7s@indiegogo.com,Genderqueer,52.61.26.31
282,Garrott,Mitchiner,gmitchiner7t@biglobe.ne.jp,Male,140.65.132.36
283,Meir,Sanson,msanson7u@dailymotion.com,Bigender,63.175.3.210
284,Camile,Warry,cwarry7v@ebay.co.uk,Female,82.237.252.209
285,Jorgan,Gilligan,jgilligan7w@mapy.cz,Male,73.67.0.223
286,Clywd,Fick,cfick7x@ow.ly,Male,253.111.169.136
287,Rosalynd,Hollyland,rhollyland7y@webmd.com,Female,156.133.102.191
288,Brady,Pickford,bpickford7z@a8.net,Male,244.175.198.30
289,Alfie,Silverstone,asilverstone80@army.mil,Female,110.226.122.216
290,Missie,MacElharge,mmacelharge81@domainmarket.com,Female,95.206.7.185
291,Harvey,Ruppertz,hruppertz82@amazonaws.com,Male,103.191.79.140
292,Sinclare,Simondson,ssimondson83@eventbrite.com,Male,113.135.242.108
293,Kally,Ummfrey,kummfrey84@state.tx.us,Female,83.176.0.48
294,Der,Gedge,dgedge85@goodreads.com,Bigender,197.156.230.71
295,Anne,Adlem,aadlem86@cornell.edu,Female,69.238.16.179
296,Karee,Childs,kchilds87@uol.com.br,Female,217.245.217.99
297,Cherie,Langsdon,clangsdon88@last.fm,Female,145.15.42.190
298,Micki,Pick,mpick89@wisc.edu,Female,29.157.223.45
299,Jen,Grigori,jgrigori8a@trellian.com,Bigender,56.63.31.122
300,Alfred,Bartolomeotti,abartolomeotti8b@webnode.com,Male,10.234.222.118
301,Nari,Jeckell,njeckell8c@github.io,Female,4.105.46.32
302,Stephen,Scotchmore,sscotchmore8d@altervista.org,Male,153.66.72.176
303,Bryn,Jerrold,bjerrold8e@guardian.co.uk,Male,43.33.150.108
304,Jamey,Baulk,jbaulk8f@fema.gov,Male,130.223.93.135
305,Demeter,MacNaughton,dmacnaughton8g@t-online.de,Female,158.161.255.255
306,Gwenny,Berre,gberre8h@mac.com,Female,160.103.117.244
307,Umberto,Fernyhough,ufernyhough8i@yahoo.com,Male,208.30.182.22
308,Kath,Oakland,koakland8j@ustream.tv,Female,150.220.125.139
309,Collette,Lande,clande8k@skyrock.com,Female,140.235.12.90
310,Susie,Gilbertson,sgilbertson8l@cam.ac.uk,Female,42.184.45.84
311,Ritchie,Bedberry,rbedberry8m@mail.ru,Male,22.169.129.210
312,Clarabelle,Condliffe,ccondliffe8n@oaic.gov.au,Non-binary,40.94.26.113
313,Eba,Scotchmor,escotchmor8o@columbia.edu,Female,68.154.103.253
314,Caleb,Echalie,cechalie8p@de.vu,Male,176.30.33.133
315,Corey,Nyland,cnyland8q@earthlink.net,Male,133.184.60.49
316,Prentice,Ind,pind8r@webeden.co.uk,Male,8.28.20.201
317,Leroy,Biddlecombe,lbiddlecombe8s@omniture.com,Male,100.87.198.129
318,Jakie,Gerry,jgerry8t@odnoklassniki.ru,Male,243.36.192.215
319,Skip,Breadmore,sbreadmore8u@sbwire.com,Genderfluid,122.205.41.214
320,Maxie,Banke,mbanke8v@facebook.com,Genderfluid,157.13.32.9
321,Domeniga,Stych,dstych8w@miibeian.gov.cn,Female,134.46.154.172
322,Simon,Fotherby,sfotherby8x@wp.com,Male,201.14.181.179
323,Blithe,Frisdick,bfrisdick8y@smh.com.au,Female,4.24.92.67
324,Nikaniki,Barden,nbarden8z@tripadvisor.com,Female,208.158.186.248
325,Jocelyne,Gerardeaux,jgerardeaux90@examiner.com,Female,207.8.110.209
326,Romonda,Siley,rsiley91@acquirethisname.com,Female,130.227.234.200
327,Lindsy,Woodford,lwoodford92@flickr.com,Female,137.184.242.64
328,Lanie,Ivanisov,livanisov93@feedburner.com,Male,49.160.208.30
329,Pat,Yakunin,pyakunin94@icio.us,Agender,117.26.168.253
330,Hermann,Sponder,hsponder95@cbsnews.com,Male,184.88.116.160
331,Gracia,Oakey,goakey96@moonfruit.com,Genderqueer,118.142.142.246
332,Uriah,Clubley,uclubley97@meetup.com,Male,124.5.153.130
333,Giselle,McMonnies,gmcmonnies98@github.io,Genderfluid,153.125.104.81
334,Seumas,Sinden,ssinden99@blogspot.com,Male,56.64.102.70
335,Nero,Shelbourne,nshelbourne9a@ovh.net,Non-binary,68.10.146.150
336,Vernor,Thorsby,vthorsby9b@imgur.com,Male,45.2.147.160
337,Marcellus,Mabb,mmabb9c@mit.edu,Male,111.203.90.255
338,Rip,Glassford,rglassford9d@digg.com,Male,38.101.231.190
339,Hart,Flanaghan,hflanaghan9e@bloglovin.com,Male,111.63.62.60
340,Sammie,Eginton,seginton9f@chicagotribune.com,Male,116.69.23.1
341,Trstram,Middlebrook,tmiddlebrook9g@fc2.com,Male,40.137.120.39
342,Hugh,Hourahan,hhourahan9h@booking.com,Male,61.99.178.215
343,Bruno,Pierton,bpierton9i@blogger.com,Male,16.198.239.78
344,Christina,Shankle,cshankle9j@mayoclinic.com,Female,145.190.228.233
345,Ingrim,Aberchirder,iaberchirder9k@webmd.com,Male,81.252.182.35
346,Bellina,Matanin,bmatanin9l@mit.edu,Female,242.43.193.214
347,Marty,Kelinge,mkelinge9m@dailymotion.com,Male,24.129.164.234
348,Gwenneth,Bome,gbome9n@mapy.cz,Female,166.94.62.63
349,Shaun,Foyston,sfoyston9o@live.com,Male,55.125.105.39
350,Lorne,Beslier,lbeslier9p@a8.net,Female,247.55.10.173
351,Jaymee,Hartfleet,jhartfleet9q@yellowbook.com,Bigender,15.198.31.33
352,Cory,Gonnel,cgonnel9r@fda.gov,Male,175.76.64.48
353,Cleavland,Hanalan,chanalan9s@ehow.com,Male,131.210.117.14
354,Obie,Kensitt,okensitt9t@amazon.de,Male,35.37.212.176
355,Joye,Ditchburn,jditchburn9u@illinois.edu,Female,69.236.168.44
356,Abbe,McKenny,amckenny9v@fc2.com,Male,230.114.243.90
357,Alphard,Egdal,aegdal9w@networkadvertising.org,Male,2.255.252.57
358,Annadiane,Kowalik,akowalik9x@merriam-webster.com,Female,204.139.178.148
359,Serena,Chitty,schitty9y@hud.gov,Female,225.206.102.139
360,Ellis,Mercik,emercik9z@go.com,Male,42.174.74.0
361,Kara-lynn,Warry,kwarrya0@vk.com,Female,148.248.85.222
362,Tobias,Rawstorn,trawstorna1@earthlink.net,Male,32.254.131.216
363,Arabelle,Wilcocke,awilcockea2@unblog.fr,Female,30.110.252.106
364,Madonna,Jecock,mjecocka3@bluehost.com,Female,200.34.63.211
365,Tedman,Chauvey,tchauveya4@i2i.jp,Male,167.111.196.254
366,Wes,Ingley,wingleya5@google.com.br,Male,167.213.35.100
367,Peirce,Spencelayh,pspencelayha6@earthlink.net,Male,222.186.154.159
368,Yard,Cockarill,ycockarilla7@flavors.me,Male,179.130.199.177
369,Emelyne,Liffe,eliffea8@theguardian.com,Female,178.64.28.134
370,Linnie,Gyrgorcewicx,lgyrgorcewicxa9@woothemes.com,Female,204.10.74.57
371,Frederic,Figger,ffiggeraa@omniture.com,Male,29.164.246.168
372,Markos,Loyley,mloyleyab@princeton.edu,Male,174.136.30.89
373,Anna-diane,Noads,anoadsac@wired.com,Female,248.43.48.158
374,Pat,Jammet,pjammetad@printfriendly.com,Female,147.107.191.122
375,Clark,Bosence,cbosenceae@furl.net,Male,126.199.31.202
376,Chanda,Donkersley,cdonkersleyaf@plala.or.jp,Female,199.62.183.241
377,Eduino,Kleisle,ekleisleag@creativecommons.org,Male,222.24.16.48
378,Phyllys,Bariball,pbariballah@answers.com,Female,42.144.122.150
379,Shanta,Dmtrovic,sdmtrovicai@ucoz.com,Female,78.222.69.156
380,Aarika,Rubke,arubkeaj@ameblo.jp,Female,8.116.133.175
381,Billy,Works,bworksak@ow.ly,Female,23.197.218.89
382,Emile,Benois,ebenoisal@indiatimes.com,Male,157.182.93.77
383,Olivier,Avery,oaveryam@tumblr.com,Male,90.255.97.211
384,Ancell,Bott,abottan@gnu.org,Male,82.85.58.76
385,Puff,Malia,pmaliaao@facebook.com,Male,167.31.195.247
386,Tyrus,Gullane,tgullaneap@gizmodo.com,Male,28.94.174.241
387,Richard,Sappell,rsappellaq@yellowbook.com,Male,118.208.2.16
388,Dana,Really,dreallyar@nydailynews.com,Female,203.91.188.124
389,Morie,Agett,magettas@eepurl.com,Male,157.29.16.181
390,Mignon,Bineham,mbinehamat@narod.ru,Female,53.211.39.146
391,Bobina,Chattaway,bchattawayau@blogtalkradio.com,Female,37.31.245.143
392,Dorotea,Drissell,ddrissellav@goodreads.com,Female,75.158.126.22
393,Bennie,O'Henery,boheneryaw@istockphoto.com,Male,8.129.59.194
394,Thorpe,Mathie,tmathieax@nasa.gov,Male,59.121.60.102
395,Salvatore,Grosvener,sgrosveneray@apache.org,Male,21.181.106.114
396,Arliene,Windless,awindlessaz@goo.gl,Female,203.219.254.170
397,Peadar,Armiger,parmigerb0@alibaba.com,Male,55.201.218.156
398,Kimball,Granger,kgrangerb1@gnu.org,Male,60.230.46.9
399,Fletcher,Bibby,fbibbyb2@biglobe.ne.jp,Male,211.0.4.206
400,Viviene,Scrowton,vscrowtonb3@redcross.org,Female,149.63.251.214
401,Nikki,Dunmore,ndunmoreb4@unblog.fr,Female,6.80.243.209
402,Prudence,Granleese,pgranleeseb5@mashable.com,Female,107.125.172.253
403,Mikol,Cubberley,mcubberleyb6@ibm.com,Bigender,96.139.154.183
404,Birk,Dionisio,bdionisiob7@salon.com,Male,97.200.67.199
405,Aleda,Grimme,agrimmeb8@posterous.com,Female,200.84.176.225
406,Theodosia,Duffree,tduffreeb9@spotify.com,Female,164.110.234.188
407,Alexine,Carnegy,acarnegyba@cocolog-nifty.com,Female,218.71.82.34
408,Izaak,Andrag,iandragbb@ihg.com,Male,173.203.61.171
409,Parry,Calken,pcalkenbc@rambler.ru,Male,190.255.105.82
410,Carin,Startin,cstartinbd@statcounter.com,Female,56.237.183.175
411,Alick,Haps,ahapsbe@dropbox.com,Male,118.206.24.145
412,Eloisa,Gilley,egilleybf@typepad.com,Female,133.58.114.28
413,Ardith,Cade,acadebg@rakuten.co.jp,Non-binary,75.73.0.242
414,Meaghan,Lysons,mlysonsbh@liveinternet.ru,Female,187.29.1.64
415,Eustace,Sneesbie,esneesbiebi@devhub.com,Male,71.134.184.222
416,Riki,Freschini,rfreschinibj@google.it,Female,131.215.93.105
417,Dode,Blenkinship,dblenkinshipbk@oracle.com,Female,145.240.32.208
418,Marwin,Pearch,mpearchbl@51.la,Male,222.237.10.141
419,Zola,Trowsdale,ztrowsdalebm@geocities.jp,Female,83.111.61.77
420,Duffy,Asher,dasherbn@home.pl,Male,58.163.163.132
421,Sheff,Bernardt,sbernardtbo@ca.gov,Male,253.191.149.66
422,Marline,Demangeon,mdemangeonbp@t-online.de,Female,25.67.38.66
423,Claudianus,Coyne,ccoynebq@fda.gov,Male,94.207.186.252
424,Pearle,Simner,psimnerbr@wufoo.com,Female,185.251.103.163
425,Edvard,Meneer,emeneerbs@newsvine.com,Male,211.30.17.149
426,Charin,Aleksandrev,caleksandrevbt@scribd.com,Female,87.113.106.200
427,Brooke,Zamora,bzamorabu@scribd.com,Male,68.141.21.222
428,Ruttger,Houlison,rhoulisonbv@indiatimes.com,Male,66.182.80.38
429,Fanny,Lyfield,flyfieldbw@wikispaces.com,Female,251.67.252.43
430,Crichton,Inglesant,cinglesantbx@timesonline.co.uk,Male,180.252.232.28
431,Raddie,Codman,rcodmanby@gnu.org,Male,215.174.27.105
432,Clevie,Laming,clamingbz@cornell.edu,Genderqueer,61.221.194.84
433,Patsy,Jenno,pjennoc0@blinklist.com,Non-binary,62.186.154.105
434,Lulita,Hallums,lhallumsc1@princeton.edu,Female,60.67.118.105
435,Betsey,Paladini,bpaladinic2@dmoz.org,Female,249.121.105.222
436,Constancy,Donoghue,cdonoghuec3@indiatimes.com,Female,47.44.138.37
437,Lind,Dufaur,ldufaurc4@buzzfeed.com,Female,34.78.72.39
438,Dacie,Paskins,dpaskinsc5@google.ca,Genderfluid,75.152.126.163
439,Uta,Pattle,upattlec6@chicagotribune.com,Female,160.93.187.162
440,Hunter,Findley,hfindleyc7@wufoo.com,Male,30.67.43.67
441,Toby,Morad,tmoradc8@usnews.com,Male,8.159.115.156
442,Clarissa,Copner,ccopnerc9@go.com,Female,81.99.202.119
443,Jess,Dignon,jdignonca@disqus.com,Genderfluid,161.252.147.15
444,Gael,Connaughton,gconnaughtoncb@usatoday.com,Female,211.212.126.246
445,Cori,Pala,cpalacc@furl.net,Male,162.136.58.142
446,Jeramey,Faughnan,jfaughnancd@furl.net,Male,140.104.111.14
447,Suzette,Harpin,sharpince@deliciousdays.com,Female,3.197.230.139
448,Nerti,Froud,nfroudcf@apple.com,Female,39.134.65.16
449,Udell,Giacometti,ugiacometticg@reference.com,Male,159.22.199.10
450,Abigale,Sydes,asydesch@elegantthemes.com,Female,37.23.255.9
451,Alvy,Rentalll,arentalllci@nps.gov,Male,142.129.1.217
452,Ashely,Beals,abealscj@economist.com,Female,113.133.154.239
453,Cassandra,Lapish,clapishck@berkeley.edu,Female,6.246.24.152
454,Hyatt,Culligan,hculligancl@google.cn,Male,165.63.205.147
455,Ashby,Squirrell,asquirrellcm@wired.com,Male,122.202.141.141
456,Berny,Palombi,bpalombicn@slate.com,Female,240.82.3.25
457,Chic,Walding,cwaldingco@facebook.com,Male,224.20.217.143
458,Bret,Liston,blistoncp@salon.com,Male,34.29.159.123
459,Carey,Hollingdale,chollingdalecq@edublogs.org,Female,167.58.36.181
460,Kristos,Moyer,kmoyercr@t-online.de,Male,77.193.98.36
461,Moses,Laverty,mlavertycs@state.gov,Male,132.17.223.90
462,Enos,Stear,estearct@google.ru,Male,175.245.50.48
463,Denny,Harman,dharmancu@omniture.com,Female,99.10.72.138
464,Neysa,Ricarde,nricardecv@drupal.org,Female,140.193.214.205
465,Jake,Worham,jworhamcw@nsw.gov.au,Male,88.61.57.106
466,Isidora,Champkin,ichampkincx@indiatimes.com,Female,80.149.141.5
467,Laurent,Doppler,ldopplercy@apache.org,Male,8.0.98.127
468,Hortensia,Reckus,hreckuscz@gravatar.com,Female,243.124.159.176
469,Ulick,Kliment,uklimentd0@ebay.co.uk,Male,104.194.17.101
470,Selinda,Bagnal,sbagnald1@theglobeandmail.com,Female,255.178.180.98
471,Minta,Paolacci,mpaolaccid2@people.com.cn,Female,234.48.191.115
472,Myles,Esser,messerd3@upenn.edu,Male,56.147.78.167
473,Elane,Naisbet,enaisbetd4@miitbeian.gov.cn,Female,181.77.57.221
474,Fulton,Maxstead,fmaxsteadd5@mapquest.com,Male,159.26.179.254
475,Elianore,Joire,ejoired6@e-recht24.de,Female,32.2.94.235
476,Barron,Lydiard,blydiardd7@independent.co.uk,Male,15.28.154.18
477,Amata,Sheffield,asheffieldd8@tinyurl.com,Female,120.178.117.171
478,Monique,Berzen,mberzend9@wordpress.com,Female,233.193.8.116
479,Ileana,Trim,itrimda@google.com.au,Female,81.189.189.211
480,Elicia,Deighton,edeightondb@cbsnews.com,Female,84.99.2.137
481,Alyosha,Brunt,abruntdc@seesaa.net,Male,190.245.48.17
482,Devin,Pirkis,dpirkisdd@behance.net,Male,71.61.236.226
483,Frans,Rosso,frossode@apple.com,Male,161.33.157.34
484,Angelina,MacCahey,amaccaheydf@deviantart.com,Female,45.94.233.131
485,Ban,Roskilly,broskillydg@last.fm,Male,142.44.246.119
486,Marilyn,Caple,mcapledh@loc.gov,Bigender,75.37.25.86
487,Parke,Napper,pnapperdi@hp.com,Male,142.47.255.186
488,Saunderson,Pierucci,spieruccidj@pagesperso-orange.fr,Male,209.68.13.51
489,Sylvan,Beavon,sbeavondk@geocities.jp,Male,7.24.138.59
490,Eal,Goligher,egoligherdl@studiopress.com,Male,141.89.127.86
491,Vinny,Flanne,vflannedm@telegraph.co.uk,Female,82.133.108.224
492,York,Dinneges,ydinnegesdn@epa.gov,Male,165.184.185.64
493,Gunter,Broschek,gbroschekdo@sciencedirect.com,Male,250.242.158.49
494,Barny,Tuff,btuffdp@rambler.ru,Male,131.113.237.236
495,Boony,McLanaghan,bmclanaghandq@foxnews.com,Male,191.233.124.5
496,Yancey,Lambersen,ylambersendr@state.gov,Male,200.242.87.85
497,Griz,Laddle,gladdleds@linkedin.com,Male,30.96.97.242
498,Maison,Varian,mvariandt@slashdot.org,Male,98.11.204.207
499,Penrod,Gribbin,pgribbindu@qq.com,Male,7.115.47.158
500,Bondie,Krinks,bkrinksdv@apache.org,Male,218.213.10.175
501,Malina,Mulvy,mmulvydw@ucoz.com,Female,164.241.69.123
502,Domini,Innot,dinnotdx@globo.com,Female,221.124.31.185
503,Nolie,Farland,nfarlanddy@github.io,Female,198.250.159.248
504,Sylvia,Skeech,sskeechdz@army.mil,Female,139.144.93.70
505,Clarabelle,Flaverty,cflavertye0@uol.com.br,Female,122.152.164.19
506,Arie,Fargher,afarghere1@huffingtonpost.com,Male,79.97.163.75
507,Horace,Clemas,hclemase2@macromedia.com,Male,125.82.225.83
508,Lucie,McCrum,lmccrume3@weibo.com,Female,92.136.27.27
509,Sapphira,Hirche,shirchee4@sohu.com,Non-binary,30.214.24.194
510,Reba,Harroway,rharrowaye5@irs.gov,Female,38.126.17.178
511,Brad,Cummings,bcummingse6@wikimedia.org,Genderfluid,229.202.145.243
512,Elene,Berryann,eberryanne7@state.gov,Female,148.242.89.245
513,Aridatha,Le Barr,alebarre8@buzzfeed.com,Female,193.146.55.195
514,Nevin,Aylward,naylwarde9@wufoo.com,Male,191.142.24.219
515,Fay,Bartoloma,fbartolomaea@slideshare.net,Female,115.96.135.235
516,Arlina,Simic,asimiceb@skyrock.com,Polygender,149.233.14.211
517,Nata,Bartozzi,nbartozziec@wikia.com,Female,78.230.136.53
518,Ken,Pugsley,kpugsleyed@1688.com,Male,49.139.84.185
519,Geordie,Wedlock,gwedlockee@domainmarket.com,Male,230.113.163.79
520,Gun,Pethrick,gpethrickef@geocities.com,Male,83.59.221.205
521,Mommy,Wallage,mwallageeg@biglobe.ne.jp,Female,244.243.253.149
522,Vladamir,Aylott,vaylotteh@youtube.com,Male,167.10.83.184
523,Natka,Northrop,nnorthropei@moonfruit.com,Female,196.54.205.190
524,Cristobal,Bazely,cbazelyej@vimeo.com,Male,61.175.61.95
525,Biddie,Hubback,bhubbackek@guardian.co.uk,Female,242.177.105.226
526,Krystal,Blamires,kblamiresel@springer.com,Female,200.183.214.186
527,Malva,Wilcinskis,mwilcinskisem@dell.com,Female,205.193.251.176
528,Lockwood,Dollen,ldollenen@tinyurl.com,Male,52.20.119.114
529,Michelina,Flaws,mflawseo@networksolutions.com,Female,109.255.204.27
530,Alford,Newbegin,anewbeginep@cpanel.net,Male,92.92.162.97
531,Jacklyn,Piscopo,jpiscopoeq@state.gov,Female,14.153.209.209
532,Major,Guthrie,mguthrieer@telegraph.co.uk,Male,52.5.131.234
533,Kaspar,Guwer,kguweres@is.gd,Male,207.115.220.22
534,Krishnah,Cleef,kcleefet@eepurl.com,Agender,67.143.92.178
535,Hermione,Fronczak,hfronczakeu@surveymonkey.com,Agender,99.227.103.169
536,Urbain,Tunnacliffe,utunnacliffeev@businesswire.com,Male,218.132.241.113
537,Kermit,Innwood,kinnwoodew@scientificamerican.com,Male,49.148.75.243
538,Kaleb,Creaney,kcreaneyex@dot.gov,Male,76.31.244.143
539,Averyl,Garroway,agarrowayey@shinystat.com,Female,44.177.116.27
540,Cornie,Karle,ckarleez@ebay.com,Male,87.65.27.72
541,Blake,Deveral,bdeveralf0@seesaa.net,Female,85.149.239.135
542,Barrett,Foxen,bfoxenf1@google.cn,Male,63.54.94.112
543,Rheta,O'Reagan,roreaganf2@java.com,Female,208.203.89.54
544,Ash,Morican,amoricanf3@digg.com,Male,224.217.173.51
545,Hulda,Delacour,hdelacourf4@squarespace.com,Bigender,6.42.241.148
546,My,Fried,mfriedf5@istockphoto.com,Male,65.61.11.105
547,Karie,Smythe,ksmythef6@ihg.com,Female,180.172.204.223
548,Lesli,Magnar,lmagnarf7@ted.com,Female,10.127.54.124
549,Hollis,Scurman,hscurmanf8@scientificamerican.com,Male,68.136.213.122
550,Noell,Meadway,nmeadwayf9@blogger.com,Female,140.25.156.250
551,Dorothee,Hodgets,dhodgetsfa@e-recht24.de,Female,200.181.193.71
552,Karole,Lewsie,klewsiefb@nifty.com,Female,179.154.244.192
553,Bendick,Choulerton,bchoulertonfc@eepurl.com,Male,7.101.238.116
554,Bernice,McLoughlin,bmcloughlinfd@pen.io,Female,176.86.131.5
555,Dalenna,Frances,dfrancesfe@xinhuanet.com,Female,113.146.174.166
556,Aristotle,Mitchenson,amitchensonff@phpbb.com,Male,188.191.237.253
557,Nita,Trice,ntricefg@yale.edu,Female,47.176.231.75
558,Jermain,Bemwell,jbemwellfh@soundcloud.com,Male,67.50.6.72
559,Hart,Brace,hbracefi@51.la,Male,9.250.54.159
560,Colin,Duckerin,cduckerinfj@parallels.com,Male,237.86.146.111
561,Jamaal,Hansana,jhansanafk@netscape.com,Male,84.236.203.82
562,Rosanne,Fiddeman,rfiddemanfl@privacy.gov.au,Female,40.133.240.18
563,Britt,Joiner,bjoinerfm@thetimes.co.uk,Female,142.94.81.197
564,Maud,Lee,mleefn@live.com,Female,46.61.74.107
565,Hermon,Fenn,hfennfo@state.gov,Agender,186.67.96.147
566,Alameda,Eam,aeamfp@weebly.com,Female,38.168.96.36
567,Ryun,Surgood,rsurgoodfq@pcworld.com,Male,28.26.14.17
568,Lewes,Chasles,lchaslesfr@hugedomains.com,Male,49.210.211.249
569,Kilian,Milburn,kmilburnfs@tiny.cc,Male,198.100.204.194
570,Huntington,Wegenen,hwegenenft@miitbeian.gov.cn,Male,161.47.225.106
571,Georgiana,Harley,gharleyfu@sun.com,Female,13.28.155.127
572,Ryan,Wallwork,rwallworkfv@fotki.com,Male,86.54.13.246
573,Betty,Roser,broserfw@google.fr,Female,182.43.3.181
574,Linoel,Munroe,lmunroefx@oracle.com,Male,18.134.43.221
575,Maurizia,Harding,mhardingfy@yellowbook.com,Female,121.176.22.196
576,Alanah,Starzaker,astarzakerfz@multiply.com,Female,253.242.199.94
577,Patricio,Masseo,pmasseog0@accuweather.com,Male,213.67.31.40
578,Durward,Pittham,dpitthamg1@mlb.com,Male,237.249.209.230
579,Grayce,Treacher,gtreacherg2@npr.org,Female,65.92.3.58
580,King,Paffett,kpaffettg3@t-online.de,Male,230.123.174.252
581,Shaylyn,Merrifield,smerrifieldg4@amazon.com,Female,173.96.87.222
582,Abbie,Vasser,avasserg5@macromedia.com,Female,151.6.236.133
583,Zea,Betterton,zbettertong6@rediff.com,Female,87.156.187.53
584,Brett,Cragg,bcraggg7@globo.com,Male,181.170.87.123
585,Donal,Grunder,dgrunderg8@telegraph.co.uk,Male,151.114.51.209
586,Gavra,Collete,gcolleteg9@slideshare.net,Female,1.127.78.167
587,Moises,Eastridge,meastridgega@google.co.uk,Male,209.68.39.199
588,Wallie,Pittel,wpittelgb@newyorker.com,Female,62.193.206.136
589,Erl,Le Sieur,elesieurgc@imdb.com,Male,20.220.34.5
590,Orren,Devany,odevanygd@jimdo.com,Male,205.231.186.11
591,Renee,Sparham,rsparhamge@state.tx.us,Female,228.36.13.47
592,Annice,Broggetti,abroggettigf@addthis.com,Female,225.160.23.230
593,Arlen,Levene,alevenegg@jugem.jp,Male,65.171.79.55
594,Joyce,Lambricht,jlambrichtgh@angelfire.com,Female,197.199.168.45
595,Karlan,Vandrill,kvandrillgi@shareasale.com,Male,40.193.62.33
596,Burnaby,Gilbanks,bgilbanksgj@4shared.com,Male,109.118.185.201
597,Willard,Dugget,wduggetgk@bloglovin.com,Male,240.134.212.198
598,Jody,Howgill,jhowgillgl@netvibes.com,Male,118.18.202.122
599,Franny,Purrier,fpurriergm@buzzfeed.com,Male,100.231.200.37
600,Bernardo,Alam,balamgn@google.com,Genderfluid,109.143.10.97
601,Gray,Flecknoe,gflecknoego@scientificamerican.com,Female,21.68.119.237
602,Husein,Overstreet,hoverstreetgp@sun.com,Male,125.65.45.13
603,Georas,Drinkhill,gdrinkhillgq@privacy.gov.au,Male,214.129.67.242
604,Tisha,Seamon,tseamongr@plala.or.jp,Female,159.199.41.245
605,Serene,Gillice,sgillicegs@vimeo.com,Female,23.146.39.64
606,Sharline,Menichelli,smenichelligt@bandcamp.com,Female,85.42.228.4
607,Kort,Brunker,kbrunkergu@godaddy.com,Male,38.129.203.211
608,Chen,Medlar,cmedlargv@over-blog.com,Male,122.13.119.124
609,Audy,Yitzovitz,ayitzovitzgw@alexa.com,Female,45.239.125.236
610,Greggory,Fulbrook,gfulbrookgx@telegraph.co.uk,Male,89.231.35.25
611,Debbie,Freathy,dfreathygy@istockphoto.com,Female,34.0.167.213
612,Sunny,Shenton,sshentongz@dion.ne.jp,Female,24.222.251.171
613,Findley,Bassick,fbassickh0@ted.com,Male,10.231.221.185
614,Jeffie,Rummin,jrumminh1@webeden.co.uk,Male,104.239.243.162
615,Georas,Preedy,gpreedyh2@harvard.edu,Male,215.23.241.247
616,Randy,Burnie,rburnieh3@domainmarket.com,Female,19.243.30.10
617,Casey,Bruntje,cbruntjeh4@1und1.de,Genderqueer,84.157.115.80
618,Tait,Matkovic,tmatkovich5@usa.gov,Male,14.26.145.33
619,Barbara-anne,Greedier,bgreedierh6@dot.gov,Female,188.167.137.214
620,Marylynne,Oager,moagerh7@wired.com,Female,25.64.95.161
621,Kerwinn,Kingscott,kkingscotth8@vkontakte.ru,Male,5.120.12.191
622,Miran,Bassick,mbassickh9@smugmug.com,Female,27.247.113.24
623,Cornell,Loud,cloudha@odnoklassniki.ru,Male,20.128.173.228
624,Ediva,Feenan,efeenanhb@shutterfly.com,Female,227.180.239.180
625,Evelyn,Georgeau,egeorgeauhc@slashdot.org,Female,45.76.80.233
626,Ninette,Dudmarsh,ndudmarshhd@imageshack.us,Polygender,104.71.146.109
627,Earlie,Meaddowcroft,emeaddowcrofthe@yale.edu,Male,227.58.39.131
628,Jacklyn,Locket,jlockethf@jiathis.com,Female,27.233.31.203
629,Robers,Duckit,rduckithg@goo.ne.jp,Male,140.248.18.199
630,Ransom,Hubbard,rhubbardhh@unicef.org,Male,197.164.67.41
631,Roderic,Woof,rwoofhi@webs.com,Male,34.183.15.153
632,Justinian,Mattys,jmattyshj@trellian.com,Male,137.98.35.154
633,Natalina,Tiddeman,ntiddemanhk@blogspot.com,Agender,2.113.124.128
634,Emlyn,Arnholz,earnholzhl@nifty.com,Male,233.156.182.194
635,Rutter,Rugge,rruggehm@adobe.com,Male,171.166.18.72
636,Hildy,Bride,hbridehn@arstechnica.com,Female,81.19.242.136
637,Myrilla,Ronisch,mronischho@i2i.jp,Female,239.188.71.27
638,Perla,Readett,preadetthp@digg.com,Female,117.208.231.52
639,Aurelia,Skiggs,askiggshq@nyu.edu,Female,198.40.17.246
640,Cirillo,Neggrini,cneggrinihr@reuters.com,Male,163.121.86.45
641,Davin,Suter,dsuterhs@webmd.com,Male,105.239.42.155
642,Kirstin,Snasel,ksnaselht@blog.com,Female,251.86.248.217
643,Solly,Duplan,sduplanhu@adobe.com,Male,90.227.202.48
644,Thebault,Bellhanger,tbellhangerhv@stanford.edu,Male,25.171.83.198
645,Sisely,Fielden,sfieldenhw@usda.gov,Female,91.134.41.238
646,Markos,Clynter,mclynterhx@360.cn,Male,226.81.208.76
647,Reginauld,Brumen,rbrumenhy@privacy.gov.au,Genderqueer,216.22.24.238
648,Rickard,Schoenrock,rschoenrockhz@homestead.com,Male,188.106.185.32
649,Gilberto,St Clair,gstclairi0@typepad.com,Male,46.247.63.140
650,Kleon,Hutchason,khutchasoni1@ow.ly,Male,177.28.128.134
651,Adah,Prover,aproveri2@tuttocitta.it,Female,89.222.222.1
652,Keary,Marsay,kmarsayi3@oakley.com,Male,118.228.140.64
653,Ainslee,Melloi,amelloii4@wikispaces.com,Female,151.155.126.68
654,Oralie,Lafayette,olafayettei5@biblegateway.com,Female,188.56.17.249
655,Hank,MacConnulty,hmacconnultyi6@microsoft.com,Male,29.192.237.86
656,Consolata,Goodsell,cgoodselli7@guardian.co.uk,Female,84.86.243.238
657,Mattie,Stenett,mstenetti8@networkadvertising.org,Male,114.210.213.99
658,Candice,Villaron,cvillaroni9@nps.gov,Female,21.205.199.69
659,Kimball,Shugg,kshuggia@etsy.com,Male,253.182.26.115
660,Guss,Giabucci,ggiabucciib@samsung.com,Male,45.22.192.60
661,Monah,Bartalini,mbartaliniic@studiopress.com,Female,241.114.158.94
662,Garik,Howels,ghowelsid@chron.com,Genderqueer,162.72.228.53
663,Donielle,Yakebovich,dyakebovichie@smh.com.au,Bigender,228.81.104.30
664,Farrah,McBryde,fmcbrydeif@sakura.ne.jp,Female,155.176.66.16
665,Walt,Olohan,wolohanig@istockphoto.com,Male,121.112.186.0
666,Jacquette,Lorden,jlordenih@edublogs.org,Female,22.90.60.35
667,Caralie,Cardall,ccardallii@wix.com,Female,225.210.102.238
668,Franny,Cheales,fchealesij@ed.gov,Male,222.206.237.158
669,Linc,Fidgin,lfidginik@shop-pro.jp,Male,212.217.114.76
670,Susanne,Bellhanger,sbellhangeril@narod.ru,Female,208.123.180.146
671,Abbye,Probet,aprobetim@usa.gov,Genderqueer,237.158.213.223
672,Sophey,Corrett,scorrettin@statcounter.com,Female,210.162.240.244
673,Justen,Stiant,jstiantio@wiley.com,Polygender,104.174.186.119
674,Aretha,Fairholme,afairholmeip@sitemeter.com,Female,155.121.177.166
675,Michele,Androck,mandrockiq@slate.com,Female,185.202.132.33
676,Tilda,Smaleman,tsmalemanir@amazon.de,Female,102.26.20.28
677,Gaspar,Carlett,gcarlettis@accuweather.com,Male,214.11.28.214
678,Aldwin,Burrells,aburrellsit@tinypic.com,Male,113.42.146.3
679,Ralina,Leuchars,rleucharsiu@foxnews.com,Female,137.230.78.8
680,Eugenio,Capsey,ecapseyiv@free.fr,Male,194.249.117.227
681,Marylynne,Struys,mstruysiw@i2i.jp,Female,216.198.202.209
682,Deanna,Elizabeth,delizabethix@census.gov,Female,46.166.176.209
683,Sibylla,Corton,scortoniy@squidoo.com,Female,124.211.51.20
684,Sayer,Christensen,schristenseniz@spiegel.de,Male,96.9.69.90
685,Reade,McGlashan,rmcglashanj0@wikimedia.org,Male,61.78.79.183
686,Salomon,Manifould,smanifouldj1@goo.gl,Male,222.30.182.229
687,Randal,Richardet,rrichardetj2@utexas.edu,Male,186.56.191.136
688,Richy,Cowap,rcowapj3@samsung.com,Male,77.113.241.185
689,Teressa,Haslock(e),thaslockej4@freewebs.com,Female,234.36.137.49
690,Ludwig,Scane,lscanej5@fc2.com,Agender,124.18.227.120
691,Rhodia,Thumnel,rthumnelj6@ifeng.com,Female,139.16.225.39
692,Christiane,Maudlin,cmaudlinj7@pen.io,Female,91.47.239.59
693,Marris,Halleybone,mhalleybonej8@epa.gov,Female,108.83.51.163
694,Ethelbert,Wearden,eweardenj9@tripadvisor.com,Male,42.44.235.216
695,Natividad,Moxom,nmoxomja@dell.com,Female,118.170.33.33
696,Geri,Marrows,gmarrowsjb@webmd.com,Female,186.203.172.120
697,Arty,Cobelli,acobellijc@jigsy.com,Male,241.22.136.188
698,Igor,Zuanazzi,izuanazzijd@1und1.de,Male,19.39.110.104
699,Jaquith,Fieldhouse,jfieldhouseje@buzzfeed.com,Female,42.78.132.144
700,Robinson,Sacchetti,rsacchettijf@mlb.com,Male,204.221.196.177
701,Bridie,Spackman,bspackmanjg@gravatar.com,Female,8.213.76.115
702,Georgianna,Gillcrist,ggillcristjh@artisteer.com,Female,135.190.127.8
703,Katerine,Mayne,kmayneji@arstechnica.com,Female,19.217.145.233
704,Hilly,Jozaitis,hjozaitisjj@sohu.com,Male,190.110.84.229
705,Johannes,Zecchinelli,jzecchinellijk@tiny.cc,Male,58.197.235.118
706,Tyrone,Hakey,thakeyjl@bing.com,Male,94.96.221.70
707,Kelsi,Burvill,kburvilljm@chronoengine.com,Female,170.49.19.189
708,Osbert,Emms,oemmsjn@illinois.edu,Male,113.81.213.206
709,Phillipp,Ferrers,pferrersjo@acquirethisname.com,Male,142.70.43.77
710,Carlos,Edgson,cedgsonjp@youku.com,Male,244.152.12.56
711,Perry,Tanner,ptannerjq@ow.ly,Male,148.15.205.131
712,Marlo,Tatteshall,mtatteshalljr@paginegialle.it,Male,136.34.45.30
713,Cooper,Mulchrone,cmulchronejs@altervista.org,Male,223.64.31.82
714,Clementius,Sommer,csommerjt@yolasite.com,Male,112.0.115.46
715,Lindi,Coggeshall,lcoggeshallju@businessweek.com,Female,71.195.5.65
716,Dionisio,Cathesyed,dcathesyedjv@springer.com,Male,252.220.174.149
717,Saree,MacAndrew,smacandrewjw@sfgate.com,Female,31.218.224.241
718,Dillie,Snasdell,dsnasdelljx@intel.com,Male,131.23.242.248
719,Fredrick,Phelip,fphelipjy@umn.edu,Male,137.211.160.22
720,Clayborne,Canwell,ccanwelljz@prnewswire.com,Male,52.58.130.211
721,Case,Ollander,collanderk0@mapy.cz,Male,88.110.63.23
722,Jae,Ivens,jivensk1@redcross.org,Male,241.119.30.29
723,Roselle,Rosle,rroslek2@wikipedia.org,Female,114.141.79.220
724,Alma,Kevane,akevanek3@jugem.jp,Female,137.113.140.252
725,Teodora,Atterbury,tatterburyk4@free.fr,Female,103.54.160.148
726,Berri,d'Arcy,bdarcyk5@privacy.gov.au,Polygender,133.141.75.125
727,Randolf,Dufaire,rdufairek6@rakuten.co.jp,Male,22.140.225.73
728,Rockie,Lalonde,rlalondek7@123-reg.co.uk,Male,169.26.30.148
729,Rickert,Keyzor,rkeyzork8@yelp.com,Male,140.38.129.228
730,Hernando,Crichley,hcrichleyk9@microsoft.com,Male,141.149.223.244
731,Shamus,Swatten,sswattenka@tumblr.com,Male,244.124.12.81
732,Denise,MacConnulty,dmacconnultykb@taobao.com,Female,156.11.60.138
733,Clemmy,Hill,chillkc@gmpg.org,Female,110.42.173.55
734,Beulah,Szymanzyk,bszymanzykkd@webs.com,Female,29.174.101.152
735,Alexi,Bawden,abawdenke@webeden.co.uk,Female,32.116.59.16
736,Joshia,Spurdens,jspurdenskf@163.com,Non-binary,97.139.19.240
737,Bendix,Goghin,bgoghinkg@furl.net,Male,213.22.191.22
738,Marja,Batho,mbathokh@go.com,Female,122.30.253.224
739,Quinton,Gather,qgatherki@admin.ch,Male,14.158.162.222
740,Elias,Metrick,emetrickkj@php.net,Male,6.93.21.155
741,Lorens,Simison,lsimisonkk@studiopress.com,Male,12.134.103.145
742,Kaja,Gwalter,kgwalterkl@archive.org,Female,12.131.212.133
743,Delinda,Korfmann,dkorfmannkm@usa.gov,Female,224.161.54.74
744,Electra,Gracewood,egracewoodkn@cnbc.com,Female,41.151.156.114
745,Kellie,Perulli,kperulliko@economist.com,Female,207.174.190.250
746,Norton,McCobb,nmccobbkp@latimes.com,Male,175.58.200.248
747,Luce,Gilleon,lgilleonkq@weebly.com,Male,27.227.182.218
748,Cinnamon,Kauscher,ckauscherkr@ustream.tv,Female,32.188.221.78
749,Heather,Coddington,hcoddingtonks@gov.uk,Female,174.79.42.25
750,Jacqui,Martinets,jmartinetskt@discovery.com,Genderqueer,83.25.50.233
751,Prentiss,Peart,ppeartku@discuz.net,Male,211.128.121.64
752,Gill,Melbourn,gmelbournkv@yelp.com,Female,163.86.187.255
753,Kimberlyn,Rowantree,krowantreekw@wikipedia.org,Female,10.214.241.177
754,Portie,Hallowes,phalloweskx@flickr.com,Polygender,194.107.101.89
755,Aldin,Marmion,amarmionky@nytimes.com,Male,245.223.220.189
756,Carin,Pinckney,cpinckneykz@oaic.gov.au,Female,141.89.0.208
757,Evonne,Linguard,elinguardl0@omniture.com,Female,169.99.140.84
758,Arne,Bowerbank,abowerbankl1@china.com.cn,Male,31.235.177.81
759,Templeton,Emburey,tembureyl2@reuters.com,Male,252.249.17.139
760,Georgena,Legge,gleggel3@shutterfly.com,Female,138.27.153.35
761,Victoir,Kear,vkearl4@sina.com.cn,Male,190.126.138.90
762,Christye,Tedder,ctedderl5@tmall.com,Female,70.62.40.92
763,Jock,Baildon,jbaildonl6@123-reg.co.uk,Male,74.10.116.151
764,Lilla,Belvard,lbelvardl7@wix.com,Agender,46.162.26.98
765,Thain,Leftridge,tleftridgel8@tripod.com,Male,124.70.100.228
766,Pris,Twelves,ptwelvesl9@fema.gov,Bigender,93.59.237.197
767,Hayes,Dunning,hdunningla@ezinearticles.com,Non-binary,15.40.42.252
768,Alysia,Giorgielli,agiorgiellilb@baidu.com,Female,35.90.78.133
769,Aylmer,Botting,abottinglc@msn.com,Male,93.119.196.57
770,Gilberte,Cettell,gcettellld@nba.com,Female,149.172.125.35
771,Arri,Gwinnell,agwinnellle@columbia.edu,Male,134.0.178.132
772,Katha,Clericoates,kclericoateslf@nymag.com,Female,68.192.168.47
773,Venus,Perton,vpertonlg@hibu.com,Female,94.47.12.164
774,Rikki,Gorton,rgortonlh@blogspot.com,Male,150.113.61.200
775,Marve,Bentson,mbentsonli@google.com.au,Genderqueer,55.71.116.89
776,Westbrook,Bestwall,wbestwalllj@telegraph.co.uk,Male,197.37.78.119
777,Ermentrude,Millott,emillottlk@booking.com,Female,100.45.48.178
778,Adrian,Ramberg,arambergll@infoseek.co.jp,Female,238.223.176.234
779,Oralie,Ingman,oingmanlm@a8.net,Female,98.214.80.139
780,Clare,Farryn,cfarrynln@parallels.com,Male,38.70.189.209
781,Reube,Costley,rcostleylo@nbcnews.com,Male,239.223.37.176
782,Chloe,Setterington,csetteringtonlp@4shared.com,Female,35.39.109.179
783,Dulciana,Naismith,dnaismithlq@webeden.co.uk,Female,111.18.209.179
784,Aurelie,Ebi,aebilr@springer.com,Female,223.15.176.237
785,Giffy,Schult,gschultls@last.fm,Bigender,102.196.113.87
786,Roanne,Scantleberry,rscantleberrylt@google.nl,Female,204.210.7.16
787,Brigitta,Wenderott,bwenderottlu@howstuffworks.com,Female,110.92.24.201
788,Tully,Shepstone,tshepstonelv@technorati.com,Male,155.145.188.47
789,Hermia,Milham,hmilhamlw@sitemeter.com,Female,209.86.18.6
790,Zachary,Popping,zpoppinglx@theatlantic.com,Male,232.116.217.109
791,Taddeusz,Costy,tcostyly@hibu.com,Male,127.65.44.241
792,Lydon,Burcombe,lburcombelz@businesswire.com,Male,142.27.29.33
793,Carr,Isakovitch,cisakovitchm0@harvard.edu,Male,85.142.121.17
794,Denys,Bawme,dbawmem1@engadget.com,Male,162.150.141.90
795,Marleah,Conrad,mconradm2@dailymotion.com,Female,50.39.241.138
796,Abie,Le Cornu,alecornum3@mozilla.com,Male,237.239.150.48
797,Charmine,Ralton,craltonm4@xing.com,Female,85.182.132.59
798,Lowe,Verbeke,lverbekem5@livejournal.com,Male,72.104.194.172
799,Dennet,Hallum,dhallumm6@163.com,Genderfluid,202.154.34.114
800,Dore,Kinchin,dkinchinm7@amazon.co.jp,Female,158.13.118.118
801,Howard,Parlot,hparlotm8@imdb.com,Male,235.174.171.46
802,Cindy,Dillicate,cdillicatem9@g.co,Female,208.168.178.62
803,Doll,Manterfield,dmanterfieldma@wisc.edu,Female,246.169.5.183
804,Pietro,Blaszczyk,pblaszczykmb@senate.gov,Male,150.242.24.165
805,Germain,Finlator,gfinlatormc@yellowpages.com,Male,227.93.43.129
806,Isaac,Bigglestone,ibigglestonemd@usda.gov,Male,104.88.222.250
807,Josephine,Dayley,jdayleyme@canalblog.com,Female,23.121.137.52
808,Dietrich,Bolzmann,dbolzmannmf@buzzfeed.com,Male,146.160.248.97
809,Renato,Radish,rradishmg@edublogs.org,Male,1.177.255.229
810,Antonietta,Ceci,acecimh@posterous.com,Female,3.206.251.219
811,Madge,Pitrelli,mpitrellimi@buzzfeed.com,Female,98.144.144.115
812,Kathrine,Extill,kextillmj@ning.com,Female,38.194.99.175
813,Darnell,Aspenlon,daspenlonmk@joomla.org,Male,6.204.77.71
814,Adan,Savory,asavoryml@ucsd.edu,Female,135.36.161.109
815,Cozmo,Pollitt,cpollittmm@acquirethisname.com,Male,124.199.207.124
816,Nerita,Buckleigh,nbuckleighmn@simplemachines.org,Female,91.250.230.248
817,Kissie,Swaisland,kswaislandmo@cbslocal.com,Female,114.132.241.28
818,Freemon,Tefft,ftefftmp@addthis.com,Male,127.50.205.249
819,Mattheus,Skevington,mskevingtonmq@census.gov,Male,114.99.194.10
820,Courtney,Bellord,cbellordmr@boston.com,Male,236.141.117.172
821,Cristabel,Slaight,cslaightms@netlog.com,Female,144.192.240.236
822,Ricky,Ashbolt,rashboltmt@apache.org,Female,159.248.89.150
823,Major,Gidley,mgidleymu@gov.uk,Male,76.198.64.226
824,Jayme,Vardon,jvardonmv@dagondesign.com,Male,193.231.114.200
825,Cyrille,Bracknall,cbracknallmw@adobe.com,Male,102.142.61.169
826,Leonhard,Haggett,lhaggettmx@utexas.edu,Male,233.214.208.150
827,Kristian,Devin,kdevinmy@usda.gov,Male,172.110.170.177
828,Rhodie,Tillett,rtillettmz@wsj.com,Female,202.211.188.199
829,Michaelina,Wotherspoon,mwotherspoonn0@google.co.jp,Female,117.16.15.16
830,Shae,Muzzollo,smuzzollon1@independent.co.uk,Genderqueer,254.192.183.95
831,Valentino,Eadon,veadonn2@dmoz.org,Male,154.77.29.130
832,Emmalynn,McCrae,emccraen3@reference.com,Female,200.28.254.86
833,Kaine,Willmore,kwillmoren4@xinhuanet.com,Male,106.85.89.69
834,Shaw,Polgreen,spolgreenn5@mozilla.org,Genderfluid,137.127.180.121
835,Candida,Ruddoch,cruddochn6@theatlantic.com,Female,221.255.169.225
836,Maison,Fennick,mfennickn7@elegantthemes.com,Bigender,208.20.178.178
837,Pren,Nannini,pnanninin8@ovh.net,Male,67.223.143.41
838,Paula,Lait,plaitn9@wix.com,Female,230.4.113.5
839,Taffy,Coytes,tcoytesna@google.ru,Female,149.88.38.234
840,Ricki,Sausman,rsausmannb@e-recht24.de,Female,184.15.253.219
841,Judd,Janowicz,jjanowicznc@amazon.co.jp,Male,86.166.76.131
842,Gabbie,Balk,gbalknd@yolasite.com,Male,169.4.75.205
843,Jaime,Clemintoni,jclemintonine@reddit.com,Genderfluid,162.173.90.171
844,Phylys,Van Schafflaer,pvanschafflaernf@geocities.com,Female,241.37.8.87
845,Frederik,Klousner,fklousnerng@imageshack.us,Male,71.118.46.56
846,Chryste,Lewinton,clewintonnh@hhs.gov,Female,170.235.50.246
847,Nate,Felder,nfelderni@bluehost.com,Male,217.219.16.155
848,Marcos,Body,mbodynj@zimbio.com,Male,137.132.97.215
849,Liana,Slaight,lslaightnk@themeforest.net,Female,185.144.94.29
850,Hakim,Simenet,hsimenetnl@cornell.edu,Male,9.47.45.39
851,Arly,Quincey,aquinceynm@ted.com,Female,89.208.18.84
852,Juieta,Broderick,jbrodericknn@reverbnation.com,Female,85.24.192.177
853,Aggi,Tebboth,atebbothno@so-net.ne.jp,Bigender,85.234.26.191
854,Auguste,Janton,ajantonnp@globo.com,Female,202.193.43.51
855,Blondy,Halvorsen,bhalvorsennq@omniture.com,Female,145.170.237.90
856,Gustavus,Cradduck,gcradducknr@samsung.com,Male,101.54.77.216
857,Westleigh,Abelov,wabelovns@simplemachines.org,Male,78.203.16.208
858,Standford,Yerrington,syerringtonnt@cdc.gov,Male,18.43.12.92
859,Garnette,Brammall,gbrammallnu@wikia.com,Female,29.104.184.218
860,Stephie,Perello,sperellonv@qq.com,Female,82.193.83.58
861,Madelin,Seabrook,mseabrooknw@icio.us,Female,28.10.182.242
862,Inge,Kirwan,ikirwannx@spiegel.de,Female,123.134.251.234
863,Beale,Battany,bbattanyny@free.fr,Genderqueer,206.74.17.215
864,Gregoor,Gouldie,ggouldienz@scientificamerican.com,Male,192.234.208.238
865,Torrance,Bille,tbilleo0@godaddy.com,Male,214.87.217.93
866,Roseann,Shemmin,rshemmino1@un.org,Female,74.227.171.16
867,Dean,D'Adamo,ddadamoo2@icio.us,Male,156.59.145.74
868,Morgen,Sneyd,msneydo3@mail.ru,Female,189.190.167.25
869,Gaelan,Buttrey,gbuttreyo4@arstechnica.com,Male,8.93.240.210
870,Pammy,Stubbes,pstubbeso5@unicef.org,Female,53.79.162.229
871,Amalita,Dunan,adunano6@scientificamerican.com,Genderqueer,234.40.214.29
872,Teodoro,MacAlpyne,tmacalpyneo7@ifeng.com,Male,16.9.159.74
873,Bridie,Linklet,blinkleto8@epa.gov,Female,241.133.31.201
874,Elie,Cockley,ecockleyo9@nih.gov,Female,172.48.14.228
875,Murdoch,Handy,mhandyoa@yandex.ru,Male,216.33.160.2
876,Godfree,Heimes,gheimesob@weebly.com,Genderfluid,153.160.166.142
877,Nev,Aguilar,naguilaroc@shinystat.com,Bigender,204.27.240.213
878,Bevan,Gilsthorpe,bgilsthorpeod@spiegel.de,Male,189.78.194.221
879,Rebe,Normand,rnormandoe@mail.ru,Female,94.104.39.170
880,Maurits,Serrels,mserrelsof@hibu.com,Male,100.208.253.48
881,Branden,Lochead,blocheadog@phoca.cz,Male,212.33.170.79
882,Kathrine,Capnerhurst,kcapnerhurstoh@bloglovin.com,Female,81.231.15.229
883,Marsh,Burrill,mburrilloi@bigcartel.com,Male,217.197.151.227
884,Prince,McCaig,pmccaigoj@behance.net,Male,233.148.18.249
885,Nanete,Beardsdale,nbeardsdaleok@ft.com,Female,89.160.136.176
886,Fawne,Town,ftownol@redcross.org,Female,235.2.157.137
887,Sibeal,Mullane,smullaneom@csmonitor.com,Female,155.205.49.54
888,Marline,Bracken,mbrackenon@hugedomains.com,Female,43.98.219.238
889,Kati,Gouldstraw,kgouldstrawoo@auda.org.au,Female,77.29.6.218
890,Pieter,Ishaki,pishakiop@pcworld.com,Male,89.117.63.162
891,Giffer,Sentinella,gsentinellaoq@myspace.com,Male,30.52.142.196
892,Ryon,Spottswood,rspottswoodor@mayoclinic.com,Male,191.126.195.84
893,Riobard,Seedull,rseedullos@washingtonpost.com,Male,45.198.72.33
894,Grant,Laming,glamingot@myspace.com,Male,104.53.142.67
895,Vincent,Amery,vameryou@bandcamp.com,Male,46.162.222.98
896,Tessy,Yukhin,tyukhinov@bigcartel.com,Female,173.124.146.162
897,Daile,Effnert,deffnertow@cam.ac.uk,Genderfluid,109.218.103.88
898,Lia,Verdie,lverdieox@desdev.cn,Female,85.255.94.155
899,Whitaker,Endon,wendonoy@chron.com,Male,183.56.166.133
900,Lona,Roo,lroooz@independent.co.uk,Female,102.17.66.26
901,Janot,Zecchi,jzecchip0@histats.com,Female,106.212.25.201
902,Eleen,Dowe,edowep1@domainmarket.com,Female,85.71.174.124
903,Keriann,Fearenside,kfearensidep2@weebly.com,Female,192.24.3.194
904,Nikolaus,Abells,nabellsp3@artisteer.com,Male,140.78.15.153
905,Cordelia,Porte,cportep4@moonfruit.com,Bigender,146.153.16.42
906,Ali,Errington,aerringtonp5@trellian.com,Female,230.192.9.156
907,Cazzie,Gendricke,cgendrickep6@mac.com,Non-binary,167.213.248.119
908,Waylon,Thursfield,wthursfieldp7@spotify.com,Male,231.246.49.57
909,Judye,Wiggins,jwigginsp8@typepad.com,Female,143.126.11.50
910,Fonz,Tumility,ftumilityp9@patch.com,Male,29.142.120.66
911,Florian,Cossell,fcossellpa@360.cn,Male,109.141.25.237
912,Melisenda,Verbeke,mverbekepb@si.edu,Female,227.30.92.30
913,Clementius,Blandamore,cblandamorepc@bbc.co.uk,Male,165.67.131.192
914,Bennett,Crosi,bcrosipd@ibm.com,Male,164.76.119.4
915,Basia,Place,bplacepe@friendfeed.com,Female,248.248.147.92
916,Gunther,Burrill,gburrillpf@cnn.com,Male,38.84.58.19
917,Maitilde,Guard,mguardpg@gravatar.com,Genderfluid,125.143.22.175
918,Romola,Tomaskunas,rtomaskunasph@redcross.org,Bigender,214.16.79.79
919,Vernen,Wilse,vwilsepi@nydailynews.com,Male,184.19.237.213
920,Natalya,Ginni,nginnipj@cdbaby.com,Female,158.86.223.253
921,Tim,Parysowna,tparysownapk@altervista.org,Male,144.48.80.165
922,Luelle,Piesold,lpiesoldpl@tamu.edu,Non-binary,237.152.66.100
923,Andreas,Keith,akeithpm@hud.gov,Male,145.193.16.142
924,Tynan,Oneile,toneilepn@intel.com,Male,154.140.144.162
925,Israel,Statton,istattonpo@storify.com,Male,117.219.209.153
926,Meyer,Grindlay,mgrindlaypp@bigcartel.com,Male,31.228.94.197
927,Stearn,Burnall,sburnallpq@pcworld.com,Male,245.229.25.82
928,Celestina,Trime,ctrimepr@example.com,Female,163.26.120.166
929,Anatol,Verson,aversonps@hubpages.com,Male,136.196.95.71
930,Ki,Grabiec,kgrabiecpt@tuttocitta.it,Female,179.208.5.249
931,Ted,Hallihane,thallihanepu@un.org,Male,169.129.198.224
932,Gay,Molyneaux,gmolyneauxpv@reddit.com,Female,65.107.26.81
933,Sylas,Jekyll,sjekyllpw@tuttocitta.it,Male,178.241.247.210
934,Wainwright,Chesters,wchesterspx@google.com.au,Male,34.101.183.100
935,Clareta,Woodstock,cwoodstockpy@oakley.com,Female,233.229.77.87
936,Trip,Creaser,tcreaserpz@cdc.gov,Male,138.24.88.247
937,Roze,Vigar,rvigarq0@dedecms.com,Female,56.194.86.128
938,Sinclair,Guice,sguiceq1@tiny.cc,Male,16.154.163.164
939,Orelle,Delcastel,odelcastelq2@discuz.net,Female,58.15.236.104
940,Teodor,McQuaid,tmcquaidq3@theatlantic.com,Male,81.170.84.144
941,Chrystel,Annwyl,cannwylq4@technorati.com,Female,73.60.3.234
942,Valaree,Loseke,vlosekeq5@unblog.fr,Female,66.3.190.170
943,Karrie,Dessent,kdessentq6@apache.org,Female,245.208.233.165
944,Monah,Bresman,mbresmanq7@census.gov,Female,223.206.111.215
945,Joey,Ogbourne,jogbourneq8@about.com,Male,158.143.152.9
946,Leupold,Birney,lbirneyq9@upenn.edu,Male,156.207.140.205
947,Natty,Wimbridge,nwimbridgeqa@usgs.gov,Female,128.110.191.129
948,Hadleigh,Beebis,hbeebisqb@woothemes.com,Male,249.20.0.103
949,Darlleen,Swett,dswettqc@angelfire.com,Female,77.99.221.69
950,Maynord,Rawsthorne,mrawsthorneqd@constantcontact.com,Male,5.151.121.174
951,Devy,White,dwhiteqe@xinhuanet.com,Male,238.134.150.231
952,Norrie,Oliver-Paull,noliverpaullqf@sbwire.com,Female,157.122.127.102
953,Wilek,Totman,wtotmanqg@google.es,Male,134.56.101.231
954,Larry,Guess,lguessqh@msu.edu,Male,158.39.33.85
955,Ambrosi,Cristoforetti,acristoforettiqi@abc.net.au,Male,208.238.160.213
956,Hersh,Sheere,hsheereqj@sphinn.com,Male,160.117.18.210
957,Matty,Casper,mcasperqk@google.co.uk,Female,86.200.210.119
958,Rory,Wildber,rwildberql@creativecommons.org,Female,255.118.71.41
959,Delmar,Fergie,dfergieqm@weebly.com,Male,134.150.149.181
960,Loren,Cullip,lcullipqn@ehow.com,Female,74.19.150.222
961,Kitty,Chasteney,kchasteneyqo@netscape.com,Female,249.47.75.63
962,Rina,Beverage,rbeverageqp@weibo.com,Non-binary,195.201.89.176
963,Lea,Dench,ldenchqq@ycombinator.com,Female,143.162.252.54
964,Jerrie,Bachs,jbachsqr@wordpress.org,Male,169.69.194.5
965,Collin,Sibun,csibunqs@fc2.com,Male,176.190.98.59
966,Karissa,Grabbam,kgrabbamqt@deviantart.com,Female,149.239.120.115
967,Em,Rapier,erapierqu@accuweather.com,Male,27.176.118.201
968,Tanny,Seller,tsellerqv@jigsy.com,Male,25.7.98.250
969,Babb,Mingo,bmingoqw@delicious.com,Female,136.39.226.240
970,Mariann,Jennins,mjenninsqx@mapy.cz,Female,208.125.183.103
971,Raimundo,Hannigan,rhanniganqy@sciencedirect.com,Male,203.245.15.91
972,Delora,Mordin,dmordinqz@java.com,Female,99.149.147.58
973,Brandy,Stower,bstowerr0@jimdo.com,Female,33.79.106.67
974,Vaughan,Kinver,vkinverr1@networksolutions.com,Male,81.219.188.170
975,Son,Whyman,swhymanr2@thetimes.co.uk,Male,190.64.107.200
976,Koenraad,Ensor,kensorr3@drupal.org,Male,122.2.49.143
977,Eugenius,Bread,ebreadr4@github.com,Male,221.135.162.50
978,Sibyl,McSkin,smcskinr5@mac.com,Female,237.81.149.14
979,Rusty,Pedlar,rpedlarr6@nationalgeographic.com,Male,238.191.165.210
980,Maddie,Boydle,mboydler7@a8.net,Genderqueer,165.182.195.242
981,Kat,Aspell,kaspellr8@psu.edu,Female,210.74.65.166
982,Ogdon,Jamieson,ojamiesonr9@wiley.com,Male,27.76.26.67
983,Branden,Plaide,bplaidera@reference.com,Male,76.185.122.234
984,Calvin,Kyne,ckynerb@auda.org.au,Male,142.139.222.55
985,Andriana,Thiese,athieserc@marketwatch.com,Female,121.101.185.65
986,Skipper,Jacobsohn,sjacobsohnrd@vkontakte.ru,Male,172.134.136.116
987,Lefty,Silveston,lsilvestonre@scribd.com,Male,135.67.42.248
988,Lucho,Arrigo,larrigorf@posterous.com,Male,244.170.223.71
989,Hobey,Gyenes,hgyenesrg@jugem.jp,Male,138.208.216.45
990,Marcello,Conre,mconrerh@buzzfeed.com,Male,50.4.63.247
991,Roddy,Bollini,rbolliniri@studiopress.com,Male,67.108.195.142
992,Lucian,McGinn,lmcginnrj@ucoz.ru,Male,106.24.241.191
993,Yevette,Arr,yarrrk@state.tx.us,Female,115.25.59.81
994,Marris,Stone Fewings,mstonefewingsrl@facebook.com,Female,118.40.194.49
995,Wells,Sains,wsainsrm@scientificamerican.com,Male,92.23.175.190
996,Giovanna,Grubbe,ggrubbern@usnews.com,Female,50.85.194.252
997,Harris,Abelwhite,habelwhitero@slashdot.org,Male,72.233.236.152
998,Filberto,Jilliss,fjillissrp@bloglines.com,Male,246.226.146.184
999,Hamil,Marquand,hmarquandrq@prlog.org,Male,88.169.8.254
1000,Gabriela,Gatley,ggatleyrr@epa.gov,Female,168.212.228.254
